controlid,itemid,Parent,Variable,Type,Values,Description,Line,Position,Mandatory,,,,,
1,1,control data,RSTFLE,text,“restart” or “norestart”,instructs PEST whether to write restart data,1,1,required,,,,,
2,2,control data,PESTMODE,text,“estimation prediction regularization pareto”,PEST’s mode of operation,1,2,required,,,,,
3,3,control data,NPAR,integer,greater than zero,number of parameters,2,1,required,,,,,
4,4,control data,NOBS,integer,greater than zero,number of observations,2,2,required,,,,,
5,5,control data,NPARGP,integer,greater than zero,number of parameter groups,2,3,required,,,,,
6,6,control data,NPRIOR,integer,any integer value,absolute value is number of prior information equations. Negative value indicates supply of prior information in indexed format,2,4,required,,,,,
7,7,control data,NOBSGP,integer,greater than zero,number of observation groups,2,5,required,,,,,
8,8,control data,MAXCOMPDIM,integer,zero or greater,number of elements in compressed Jacobian matrix,2,6,optional,,,,,
9,9,control data,NTPLFLE,integer,greater than zero,number of template files,3,1,required,,,,,
10,10,control data,NINSFLE,integer,greater than zero,number of instruction files,3,2,required,,,,,
11,11,control data,PRECIS,text,“single” or “double”,format for writing parameter values to model input files,3,3,required,,,,,
12,12,control data,DPOINT,text,“point” or “nopoint”,omit decimal point in parameter values if possible,3,4,required,,,,,
13,13,control data,NUMCOM,integer,greater than zero,number of command lines used to run model,3,5,optional,,,,,
14,14,control data,JACFILE,integer,0  1 or -1,indicates whether model provides external derivatives file,3,6,optional,,,,,
15,15,control data,MESSFILE,integer,zero or one, indicates whether PEST writes PEST-to-model message file,3,7,optional,,,,,
16,16,control data,OBSREREF,text,“obsreref” “obsreref_N” or “noobsreref”, activates or de-activates observation re-referencing (with an optional pause after re-referencing runs),3,8,optional,,,,,
17,17,control data,RLAMBDA1,real,zero or greater,initial Marquardt lambda,4,1,required,,,,,
18,18,control data,RLAMFAC,real,positive or negative but not zero,dictates Marquardt lambda adjustment process,4,2,required,,,,,
19,19,control data,PHIRATSUF,real,between zero and one,fractional objective function sufficient for end of current iteration,4,3,required,,,,,
20,20,control data,PHIREDLAM,real,between zero and one,termination criterion for Marquardt lambda search,4,4,required,,,,,
21,21,control data,NUMLAM,integer,one or greater. Possibly negative with Parallel or BEOPEST,maximum number of Marquardt lambdas to test,4,5,required,,,,,
22,22,control data,JACUPDATE,integer,zero or greater,activation of Broyden’s Jacobian update procedure,4,6,optional,,,,,
23,23,control data,LAMFORGIVE,text,“lamforgive” or “nolamforgive”,treat model run failure during lambda search as high objective function,4,7,optional,,,,,
24,24,control data,DERFORGIVE,text,“derforgive” or “noderforgive”,accommodates model failure during Jacobian runs by setting pertinent sensitivities to zero,4,8,optional,,,,,
25,25,control data,RELPARMAX,real,greater than zero,parameter relative change limit,5,1,required,,,,,
26,26,control data,FACPARMAX,real,greater than one,parameter factor change limit,5,2,required,,,,,
27,27,control data,FACORIG,real,between zero and one,minimum fraction of original parameter value in evaluating relative change,5,3,required,,,,,
29,29,control data,IBOUNDSTICK,integer,zero or greater,instructs PEST not to compute derivatives for parameter at its bounds,5,4,optional,,,,,
30,30,control data,UPVECBEND,integer,zero or one,instructs PEST to bend parameter upgrade vector if parameter hits bounds,5,5,optional,,,,,
31,31,control data,PHIREDSWH,real,between zero and one,sets objective function change for introduction of central derivatives,6,1,required,,,,,
32,32,control data,NOPTSWITCH,integer,one or greater,iteration before which PEST will not switch to central derivatives computation,6,2,optional,,,,,
33,33,control data,SPLITSWH,real,zero or greater,the factor by which the objective function rises to invoke split slope derivatives analysis until end of run,6,3,optional,,,,,
34,34,control data,DOAUI,text,“aui” “auid” or “noaui”,instructs PEST to implement automatic user intervention,6,4,optional,,,,,
35,35,control data,DOSENREUSE,text,“senreuse” or “nosenreuse”,instructs PEST to reuse parameter sensitivities,6,5,optional,,,,,
36,36,control data,BOUNDSCALE,text,“boundscale” or “noboundscale”,parameters are scaled by the inter-bounds interval if using singular value decomposition  LSQR or SVDA,6,6,optional,,,,,
37,37,control data,NOPTMAX,integer,-2 -1 0 or any number greater than zero,number of optimization iterations,7,1,required,,,,,
38,38,control data,PHIREDSTP,real,greater than zero,relative objective function reduction triggering termination,7,2,required,,,,,
39,39,control data,NPHISTP,integer,greater than zero,number of successive iterations over which PHIREDSTP applies,7,3,required,,,,,
40,40,control data,NPHINORED,integer,greater than zero,number of iterations since last drop in objective function to trigger termination,7,4,required,,,,,
41,41,control data,RELPARSTP,real,greater than zero,maximum relative parameter change triggering termination,7,5,required,,,,,
42,42,control data,NRELPAR,integer,greater than zero,number of successive iterations over which RELPARSTP applies,7,6,required,,,,,
43,43,control data,PHISTOPTHRESH,real,zero or greater,objective function threshold triggering termination,7,7,optional,,,,,
44,44,control data,LASTRUN,integer,zero or one,instructs PEST to undertake (or not) final model run with best parameters,7,8,optional,,,,,
45,45,control data,PHIABANDON,real,a positive number or name of a file,objective function value at which to abandon optimization process or filename containing abandonment schedule,7,9,optional,,,,,
46,46,control data,ICOV,integer,zero or one,record covariance matrix in matrix file,8,1,required,,,,,
47,47,control data,ICOR,integer,zero or one,record correlation coefficient matrix in matrix file,8,2,required,,,,,
48,48,control data,IEIG,integer,zero or one,record eigenvectors in matrix file,8,3,required,,,,,
49,49,control data,IRES,integer,zero or one,record resolution data,8,4,optional,,,,,
50,50,control data,JCOSAVE,text,“jcosave” or “nojcosave”,save best Jacobian file as a JCO file - overwriting previously saved files of the same name as the inversion process progresses,8,5,optional,,,,,
51,51,control data,VERBOSEREC,text,“verboserec” or “noverboserec”,if set to “noverboserec” parameter and observation data lists are omitted from the run record file,8,6,optional,,,,
52,52,control data,JCOSAVEITN,text,“jcosaveitn” or “nojcosaveitn”,write current Jacobian matrix to iteration-specific JCO file at the end of every optimization iteration,8,7,optional,,,,,
53,53,control data,REISAVEITN,text,“reisaveitn” or “noreisaveitn”,store best-fit residuals to iteration-specific residuals file at end of every optimization iteration,8,8,optional,,,,,
54,54,control data,PARSAVEITN,text,“parsaveitn” or “noparsaveitn”,store iteration specific parameter value files,8,9,optional,,,,,
55,55,control data,PARSAVERUN,text,“parsaverun” or “noparsaverun”,store run specific parameter value files,8,10,optional,,,,,
56,56,Sensitivy reuse,SENRELTHRESH,real,zero to one,relative parameter sensitivity below which sensitivity reuse is activated for a parameter,#N/A,#N/A,#N/A,,,,,
57,57,Sensitivy reuse,SENMAXREUSE,integer,integer other than zero,maximum number of reused sensitivities per iteration,#N/A,#N/A,#N/A,,,,,
58,58,Sensitivy reuse,SENALLCALCINT,integer,greater than one,iteration interval at which all sensitivities re-calculated,#N/A,#N/A,#N/A,,,,,
59,59,Sensitivy reuse,SENPREDWEIGHT,real,any number,weight to assign to prediction in computation of composite parameter sensitivities to determine sensitivity reuse,#N/A,#N/A,#N/A,,,,,
60,60,Sensitivy reuse,SENPIEXCLUDE,text,“yes” or “no”,include or exclude prior information when computing composite parameter sensitivities to determine sensitivity reuse,#N/A,#N/A,#N/A,,,,,
61,61,Automatic user intervention,MAXAUI,integer,zero or greater,maximum number of AUI iterations per optimization iteration,#N/A,#N/A,#N/A,,,,,
62,62,Automatic user intervention,AUISTARTOPT,integer,one or greater,optimization iteration at which to commence AUI,#N/A,#N/A,#N/A,,,,,
63,63,Automatic user intervention,NOAUIPHIRAT,real,between zero and one,relative objective function reduction threshold triggering AUI,#N/A,#N/A,#N/A,,,,,
64,64,Automatic user intervention,AUIRESTITN,integer,zero or greater but not one,AUI rest interval expressed in optimization iterations,#N/A,#N/A,#N/A,,,,,
65,65,Automatic user intervention,AUISENSRAT,real,greater than one,composite parameter sensitivity ratio triggering AUI,#N/A,#N/A,#N/A,,,,,
66,66,Automatic user intervention,AUIHOLDMAXCHG,integer,zero or one,instructs PEST to target parameters which change most when deciding which parameters to hold,#N/A,#N/A,#N/A,,,,,
67,67,Automatic user intervention,AUINUMFREE,integer,greater than zero,cease AUI when only AUINUMFREE parameters are unheld,#N/A,#N/A,#N/A,,,,,
68,68,Automatic user intervention,AUIPHIRATSUF,real,between zero and one,relative objective function improvement for termination of AUI,#N/A,#N/A,#N/A,,,,,
69,69,Automatic user intervention,AUIPHIRATACCEPT,real,between zero and one,relative objective function reduction threshold for acceptance of AUI-calculated parameters,#N/A,#N/A,#N/A,,,,,
70,70,Automatic user intervention,NAUINOACCEPT,integer,greater than zero,number of iterations since acceptance of parameter change for termination of AUI,#N/A,#N/A,#N/A,,,,,
71,71,singular value decomposition,SVDMODE,integer,zero or one,activates truncated singular value decomposition for solution of inverse problem,#N/A,#N/A,#N/A,,,,,
72,72,singular value decomposition,MAXSING,integer,greater than zero,number of singular values at which truncation occurs,#N/A,#N/A,#N/A,,,,,
73,73,singular value decomposition,EIGTHRESH,real,zero or greater but less than one,eigenvalue ratio threshold for truncation,#N/A,#N/A,#N/A,,,,,
74,74,singular value decomposition,EIGWRITE,integer,zero or one,determines content of SVD output file,#N/A,#N/A,#N/A,,,,,
75,75,LSQR,LSQRMODE,integer,zero or one,activates LSQR solution of inverse problem,#N/A,#N/A,#N/A,,,,,
76,76,LSQR,LSQR_ATOL,real,zero or greater,LSQR algorithm atol variable,#N/A,#N/A,#N/A,,,,,
77,77,LSQR,LSQR_BTOL,real,zero or greater,LSQR algorithm btol variable,#N/A,#N/A,#N/A,,,,,
78,78,LSQR,LSQR_CONLIM,real,zero or greater,LSQR algorithm conlim variable,#N/A,#N/A,#N/A,,,,,
79,79,LSQR,LSQR_ITNLIM,integer,greater than zero,LSQR algorithm itnlim variable,#N/A,#N/A,#N/A,,,,,
80,80,LSQR,LSQR_WRITE,integer,zero or one,instructs PEST to write LSQR file,#N/A,#N/A,#N/A,,,,,
81,81,SVD-assist,BASEPESTFILE,text,a filename,name of base PEST control file,#N/A,#N/A,#N/A,,,,,
82,82,SVD-assist,BASEJACFILE,text,a filename,name of base PEST Jacobian matrix file,#N/A,#N/A,#N/A,,,,,
83,83,SVD-assist,SVDA_MULBPA,integer,zero or one,instructs PEST to record multiple BPA files,#N/A,#N/A,#N/A,,,,,
84,84,SVD-assist,SVDA_SCALADJ,integer,-4 to 4,sets type of parameter scaling undertaken in super parameter definition,#N/A,#N/A,#N/A,,,,,
85,85,SVD-assist,SVDA_EXTSUPER,integer,0 1 2 -2 3, sets means used to calculate super parameters,#N/A,#N/A,#N/A,,,,,,
86,86,SVD-assist,SVDA_SUPDERCALC,integer,zero or one,instructs PEST to compute super parameter sensitivities from base parameter sensitivities,#N/A,#N/A,#N/A,,,,,
87,87,SVD-assist,SVDA_PAR_EXCL,integer,0, 1 or -1 if set to 1 instructs PEST to compute super parameters on basis only of observation group in base parameter PEST control file to which pareto-adjustable weighting is assigned in super parameter PEST control file. If set to -1 all groups other than this form basis for super parameter definition,#N/A,#N/A,#N/A,,,
88,88,Parameter groups,PARGPNME,text,12 characters or less,parameter group name,#N/A,#N/A,#N/A,,,,,
89,89,Parameter groups,INCTYP,text,“relative”,method by which parameter increments are calculated “rel_to_max” method by which parameter increments are calculated,#N/A,#N/A,#N/A,,,
90,90,Parameter groups,DERINC,real,greater than zero,absolute or relative parameter increment,#N/A,#N/A,#N/A,,,,,
91,91,Parameter groups,DERINCLB,real,zero or greater,absolute lower bound of relative parameter increment,#N/A,#N/A,#N/A,,,,,
92,92,Parameter groups,FORCEN,text,“switch”,determines whether higher order derivatives calculation is undertaken “always_3” “switch_5” “always_5” determines whether higher order derivatives calculation is undertaken,#N/A,#N/A,#N/A,
93,93,Parameter groups,DERINCMUL,real,greater than zero,derivative increment multiplier when undertaking higher order derivatives calculation,#N/A,#N/A,#N/A,,,,,
94,94,Parameter groups,DERMTHD,text,“parabolic”,method of higher order derivatives calculation “best_fit” “minvar” “maxprec” method of higher order derivatives calculation,#N/A,#N/A,#N/A,
95,95,Parameter groups,SPLITTHRESH,real,greater than zero (or zero to deactivate),slope threshold for split slope analysis,#N/A,#N/A,#N/A,,,,,
96,96,Parameter groups,SPLITRELDIFF,real,greater than zero,relative slope difference threshold for action,#N/A,#N/A,#N/A,,,,,
97,97,Parameter groups,SPLITACTION,text,text,smaller ; zero or previous;  zero or previous,#N/A,#N/A,#N/A,,,,,
98,98,Parameter data,PARNME,text,12 characters or less,parameter name,#N/A,#N/A,#N/A,,,,,
99,99,Parameter data,PARTRANS,text,log,parameter transformation fixed or tied parameter transformation,#N/A,#N/A,#N/A,,
100,100,Parameter data,PARCHGLIM,text,relative,type of parameter change limit or absolute(N) type of parameter change limit,#N/A,#N/A,#N/A,,,
101,101,Parameter data,PARVAL1,real,any real number,initial parameter value,#N/A,#N/A,#N/A,,,,,
102,102,Parameter data,PARLBND,real,less than or equal to PARVAL1,parameter lower bound,#N/A,#N/A,#N/A,,,,,
103,103,Parameter data,PARUBND,real,greater than or equal to PARVAL1,parameter upper bound,#N/A,#N/A,#N/A,,,,,
104,104,Parameter data,PARGP,text,12 characters or less,parameter group name,#N/A,#N/A,#N/A,,,,,
105,105,Parameter data,SCALE,real,any number other than zero,multiplication factor for parameter,#N/A,#N/A,#N/A,,,,,
106,106,Parameter data,OFFSET,real,any number,number to add to parameter,#N/A,#N/A,#N/A,,,,,
107,107,Parameter data,DERCOM,integer,zero or greater,model command line used in computing parameter increments,#N/A,#N/A,#N/A,,,,,
108,108,Parameter data,PARTIED,text,12 characters or less,the name of the parameter to which another parameter is tied,#N/A,#N/A,#N/A,,,,,
109,109,Observation group,OBGNME,text,12 characters or less,observation group name,#N/A,#N/A,#N/A,,,,,
110,110,Observation group,GTARG,real,positive,group-specific target measurement objective function,#N/A,#N/A,#N/A,,,,,
111,111,Observation group,COVFILE,text,a filename,covariance matrix file associated with group,#N/A,#N/A,#N/A,,,,,
112,112,Observation data,OBSNME,text,20 characters or less,observation name,#N/A,#N/A,#N/A,,,,,
113,113,Observation data,OBSVAL,real,any number,measured value of observation,#N/A,#N/A,#N/A,,,,,
114,114,Observation data,WEIGHT,real,zero or greater,observation weight,#N/A,#N/A,#N/A,,,,,
115,115,Observation data,OBGNME,text,12 characters or less,observation group to which observation belongs,#N/A,#N/A,#N/A,,,,,
116,116,Derivatives command line,DERCOMLINE,text,system command,command to run model for derivatives calculation,#N/A,#N/A,#N/A,,,,,
117,117,Derivatives command line,EXTDERFLE,text,a filename,name of external derivatives file,#N/A,#N/A,#N/A,,,,,
118,118,Model command line,COMLINE,text,system command,command to run model,#N/A,#N/A,#N/A,,,,,
119,119,Model input,TEMPFLE,text,a filename,template file,#N/A,#N/A,#N/A,,,,,
120,120,Model input,INFLE,text,a filename,model input file,#N/A,#N/A,#N/A,,,,,
121,121,Model output,INSFLE,text,a filename,instruction file,#N/A,#N/A,#N/A,,,,,
122,122,Model output,OUTFLE,text,a filename,model output file,#N/A,#N/A,#N/A,,,,,
123,123,Prior information,PILBL,text,20 characters or less,name of prior information equation,#N/A,#N/A,#N/A,,,,,
124,124,Prior information,PIFAC,text,real number other than zero,parameter value factor,#N/A,#N/A,#N/A,,,,,
125,125,Prior information,PARNME,text,12 characters or less,parameter name,#N/A,#N/A,#N/A,,,,,
126,126,Prior information,PIVAL,real,any number,observed value of prior information equation,#N/A,#N/A,#N/A,,,,,
127,127,Prior information,WEIGHT,real,zero or greater,prior information weight,#N/A,#N/A,#N/A,,,,,
128,128,Prior information,OBGNME,text,12 characters or less,observation group name,#N/A,#N/A,#N/A,,,,,
129,129,Predictive analysis,NPREDMAXMIN,integer,-1 or 1,maximise or minimise prediction,#N/A,#N/A,#N/A,,,,,
130,130,Predictive analysis,PREDNOISE,integer,0 or 1,instructs PEST to include predictive noise in prediction,#N/A,#N/A,#N/A,,,,,
131,131,Predictive analysis,PD0,real,greater than zero,target objective function,#N/A,#N/A,#N/A,,,,,
132,132,Predictive analysis,PD1,real,greater than PD0,acceptable objective function,#N/A,#N/A,#N/A,,,,,
133,133,Predictive analysis,PD2,real,greater than PD1,objective function at which Marquardt lambda testing procedure is altered as prediction is maximised/minimised,#N/A,#N/A,#N/A,,,,,
134,134,Predictive analysis,ABSPREDLAM,real,zero or greater,absolute prediction change to terminate Marquardt lambda testing,#N/A,#N/A,#N/A,,,,,
135,135,Predictive analysis,RELPREDLAM,real,zero or greater,relative prediction change to terminate Marquardt lambda testing,#N/A,#N/A,#N/A,,,,,
136,136,Predictive analysis,INITSCHFAC,real,greater than zero,initial line search factor,#N/A,#N/A,#N/A,,,,,
137,137,Predictive analysis,MULSCHFAC,real,greater than one,factor by which line search factors are increased along line,#N/A,#N/A,#N/A,,,,,
138,138,Predictive analysis,NSEARCH,integer,greater than zero,maximum number of model runs in line search,#N/A,#N/A,#N/A,,,,,
139,139,Predictive analysis,ABSPREDSWH,real,zero or greater,absolute prediction change at which to use central derivatives calculation,#N/A,#N/A,#N/A,,,,,
140,140,Predictive analysis,RELPREDSWH,real,zero or greater,relative prediction change at which to use central derivatives calculation,#N/A,#N/A,#N/A,,,,,
141,141,Predictive analysis,NPREDNORED,integer,one or greater,iterations since prediction raised/lowered at which termination is triggered,#N/A,#N/A,#N/A,,,,,
142,142,Predictive analysis,ABSPREDSTP,real,zero or greater,absolute prediction change at which to trigger termination,#N/A,#N/A,#N/A,,,,,
143,143,Predictive analysis,RELPREDSTP,real,zero or greater,relative prediction change at which to trigger termination,#N/A,#N/A,#N/A,,,,,
144,144,Predictive analysis,NPREDSTP,integer,two or greater,number of iterations over which ABSPREDSTP and RELPREDSTP apply,#N/A,#N/A,#N/A,,,,,
145,145,regularization,PHIMLIM,real,greater than zero,target measurement objective function,1,1,required,,,,,
146,146,regularization,PHIMACCEPT,real,greater than PHIMLIM,acceptable measurement objective function,1,2,required,,,,,
147,147,regularization,FRACPHIM,real,zero or greater,set target measurement objective function at this fraction of current measurement objective function,1,3,optional,,,,
148,148,regularization,MEMSAVE,text,"memsave or ""nomemsave""",activate conservation of memory at cost of execution speed and quantity of model output,1,4,optional,,,,,
149,149,regularization,WFINIT,real,greater than zero,initial regularization weight factor,2,1,required,,,,,
150,150,regularization,WFMIN,real,greater than zero,minimum regularization weight factor,2,2,required,,,,,
151,151,regularization,WFMAX,real,greater than WFMAX,maximum regularization weight factor,2,3,required,,,,,
152,152,regularization,LINREG,text,"linreg or ""nonlinreg""",informs PEST that all regularization constraints are linear,2,4,optional,,,,,
153,153,regularization,REGCONTINUE,text,"continue or ""nocontinue""",instructs PEST to continue minimising regularization objective function even if measurement objective function less than PHIMLIM,2,5,optional,,,,,
154,154,regularization,WFFAC,real,greater than one,regularization weight factor adjustment factor,3,1,required,,,,,
155,155,regularization,WFTOL,real,greater than zero,convergence criterion for regularization weight factor,3,2,required,,,,,
156,156,regularization,IREGADJ,integer,0,instructs PEST to perform inter-regularization group weight factor adjustment or to compute new relative weights for regularization observations and prior information equations,3,3,required
157,157,regularization,NOPTREGADJ,integer,one or greater,the optimization iteration interval for re-calculation of regularization weights if IREGADJ is 4 or 5,3,4,optional,,,,,
158,158,regularization,REGWEIGHTRAT,real,absolute value of one or greater,the ratio of highest to lowest regularization weight; spread is logarithmic with null space projection if set negative,3,5,optional,,,,,
159,159,regularization,REGSINGTHRESH,real,less than one and greater than zero,singular value of JtQJ (as factor of highest singular value) at which use of higher regularization weights commences if IREGADJ is set to 5,3,6,optional,,,,,
160,160,Pareto,PARETO_OBSGROUP,text,12 characters or less,name of observation group whose weights are subject to multiplication by a variable weight factor,#N/A,#N/A,#N/A,,,,,
161,161,Pareto,PARETO_WTFAC_START,real,zero or greater,initial weight factor for user-specified observation group,#N/A,#N/A,#N/A,,,,,
162,162,Pareto,PARETO_WTFAC_FIN,real,greater than PARETO_WTFAC_START,final weight factor for user-specified observation group,#N/A,#N/A,#N/A,,,,,
163,163,Pareto,NUM_WTFAC_INT,integer,greater than zero,number of weight factor increments to employ in traversing Pareto front,#N/A,#N/A,#N/A,,,,,
164,164,Pareto,NUM_ITER_START,integer,zero or greater,number of optimization iterations to employ when using initial weight factor,#N/A,#N/A,#N/A,,,,,
165,165,Pareto,NUM_ITER_GEN,integer,greater than zero,number of optimization iterations to employ when using any weight factor other than PARETO_WTFAC_START or PARETO_WTFAC_FIN,#N/A,#N/A,#N/A,,,,,
166,166,Pareto,NUM_ITER_FIN,integer,zero or greater,number of optimization iterations to employ when using final weight factor,#N/A,#N/A,#N/A,,,,,
167,167,Pareto,ALT_TERM,integer,zero or one,set to one in order to activate PEST termination determined by value of a specified model output,#N/A,#N/A,#N/A,,,,,
168,168,Pareto,OBS_TERM,text,20 characters or less,"the name of an observation cited in the ""observation data"" section of the PEST control file whose value will be monitored for possible PEST run termination",#N/A,#N/A,#N/A,,,,,
169,169,Pareto,ABOVE_OR_BELOW,text,"above or ""below""",determines whether the monitored model output must be above or below the threshold to precipitate run termination,#N/A,#N/A,#N/A,,,,,
170,170,Pareto,OBS_THRESH,real,any number,value that monitored model output must exceed or undercut to precipitate model run termination,#N/A,#N/A,#N/A,,,,,
171,171,Pareto,ITER_THRESH,integer,zero or greater,the number of optimization iterations for which the model output threshold must be exceeded or undercut to precipitate run termination,#N/A,#N/A,#N/A,,,,,
172,172,Pareto,NOBS_REPORT,integer,zero or greater,number of model outputs whose values to report,#N/A,#N/A,#N/A,,,,,
173,173,Pareto,OBS_REPORT_N,text,20 characters or less,"the name of the ""N""th observation whose value is reported in the POD and PPD files written by PEST when run in ""pareto"" mode",#N/A,#N/A,#N/A,,,,,
174,174,PlusPlus,ies_num_reals,integer,,The number of realizations to draw in order to form parameter and observation ensembles.,,,,,,,,
175,175,PlusPlus,parcov,text,,"The name of a file containing the prior parameter covariance matrix. This can be a parameter uncertainty file (extension "".unc"") a covariance matrix file (extension "".cov"") or a binary JCO or JCB file (extension "".jco"" or "".jcb"").",,,,,,,,
176,176,PlusPlus,par_sigma_range,real,,The difference between a parameter's upper and lower bounds expressed as standard deviations.,,,,,,,,
177,177,PlusPlus,ies_parameter_ensemble,text,,The name of a CSV or JCO/JCB file (recognized by its extension) containing user-supplied parameter realizations comprising the initial (prior) parameter ensemble. If this keyword is omitted PESTPP-IES generates the initial parameter ensemble itself.,,,,,,,,
178,178,PlusPlus,ies_observation_ensemble,text,,The name of a CSV or JCO/JCB file (recognized by its extension) containing user-supplied observation plus noise realizations comprising the observation plus noise ensemble. If this keyword is omitted PESTPP-IES generates the observation plus noise ensemble itself.,,,,,,,,
179,179,PlusPlus,ies_add_base,Boolean,,"If set to true instructs PESTPP-IES to include a ""realization"" in the initial parameter ensemble comprised of parameter values read from the ""parameter data"" section of the PEST control file. The corresponding observation ensemble is comprised of measurements read from the ""observation data"" section of the PEST control file.",,,,,,,,
180,180,PlusPlus,ies_restart_observation_ensemble,text,,The name of a CSV or JCO/JCB file (recognized by its extension) containing model outputs calculated using a parameter ensemble. If it reads this file PESTPP-IES does not calculate these itself proceeding to upgrade calculations instead.,,,,,,,,
181,181,PlusPlus,ies_restart_parameter_ensemble,text,,"The name of a CSV or JCO/JCB file (recognized by its extension) containing a parameter ensemble that corresponds to the ""ies_restart_observation_ensemble"". This option requires that the ""ies_restart_observation_ensemble"" control variable also be supplied. This ensemble is only used in the calculation of the regularization component of the objective function for a restarted PESTPP-IES analysis.",,,,,,,,
182,182,PlusPlus,ies_enforce_bounds,Boolean,,If set to true PESTPP-IES will not transgress bounds supplied in the PEST control file when generating or accepting parameter realizations and when adjusting these realizations.,,,,,,,,
183,183,PlusPlus,ies_initial_lambda,real,,"The initial Marquardt lambda. The default value is calculated based on the formula ""10^floor(log10(mu/2n))"". If supplied as a negative value then the absolute value of ""ies_initial_lambda"" is used as a multiplier of the default initial-phi-based value.",,,,,,,,
184,184,PlusPlus,ies_lambda_mults,comma-separated reals,,Factors by which to multiply the best lambda from the previous iteration to yield values for testing parameter upgrades during the current iteration.,,,,,,,,
185,185,PlusPlus,lambda_scale_fac,comma-separated reals,,Line search factors along parameter upgrade directions computed using different Marquardt lambdas.,,,,,,,,
186,186,PlusPlus,ies_subset_size,integer,,"Number of realizations used in testing and evaluation of different Marquardt lambdas. If supplied as a negative value then the absolute value of ""ies_subset_size"" is treated as a percentage of the current ensemble size; this allows the subset size to fluctuate with the size of the ensemble.",,,,,,,,
187,187,PlusPlus,ies_use_approx,Boolean,,Use complex or simple formula provided by Chen and Oliver (2013) for calculation of parameter upgrades. The more complex formula includes a function which constrains parameter realizations to respect prior means and probabilities.,,,,,,,,
188,188,PlusPlus,ies_reg_factor,real,,Regularization objective function as a fraction of measurement objective function when constraining parameter realizations to respect initial values.,,,,,,,,
189,189,PlusPlus,ies_bad_phi,real,,If the objective function calculated as an outcome of a model run is greater than this value the model run is deemed to have failed.,,,,,,,,
190,190,PlusPlus,ies_bad_phi_sigma,real,,"If the objective function calculated for a given realization is greater than the current mean objective function of the ensemble plus the objective function standard deviation of the ensemble times ""ies_bad_phi_sigma""", that realization is treated as failed. If negative," its absolute value is treated as the upper quantile for identifying ""bad"" realizations.",,,,,,
191,191,PlusPlus,ies_use_prior_scaling,Boolean,,Use a scaling factor based on the prior parameter distribution when evaluating parameter-to-model-output covariance used in calculation of the randomized Jacobian matrix.,,,,,,,,
192,192,PlusPlus,ies_use_empirical_prior,Boolean,,"Use an empirical diagonal parameter covariance matrix for certain calculations. This matrix is contained in a file whose name is provided with the ""ies_parameter_ensemble"" keyword.",,,,,,,,
193,193,PlusPlus,Ies_save_lambda_ensembles,Boolean,,Save a set of CSV or JCB files that record parameter realizations used when testing different Marquardt lambdas.,,,,,,,,
194,194,PlusPlus,ies_verbose_level,0  1 or 2,,The level of diagnostic output provided by PESTPP-IES. If set to 2 all intermediate matrices are saved to ASCII files. This can require a considerable amount of storage.,,,,,,,,
195,195,PlusPlus,ies_accept_phi_fac,real > 1.0,,The factor applied to the previous best mean objective function to determine if the current mean objective function is acceptable.,,,,,,,,
196,196,PlusPlus,ies_lambda_dec_fac,real < 1.0,,The factor by which to decrease the value of the Marquardt lambda during the next IES iteration if the current iteration of the ensemble smoother process was successful in lowering the mean objective function.,,,,,,,,
197,197,PlusPlus,ies_lambda_inc_fac,real > 1.0,,The factor by which to increase the current value of the Marquardt lambda for further lambda testing if the current lambda testing cycle was unsuccessful.,,,,,,,,
198,198,PlusPlus,ies_subset_how,"first, last, random, phi_based",,"How to select the subset of realizations for objective function evaluation during upgrade testing. Default is ""random.""",,,,,,,,
199,199,PlusPlus,ies_num_threads,integer > 1,,The number of threads to use during the localized upgrade solution process the automatic adaptive localization process. If the localizer contains many (>10K) rows then multithreading can substantially speed up the upgrade calculation process. ies_num_threads() should not be greater than the number of physical cores on the host machine.,,,,,,,,
200,200,PlusPlus,ies_localizer,text,,The name of a matrix to use for localization. The extension of the file is used to determine the type: .mat is an ASCII matrix file .jcb/.jco signifies use of (enhanced) Jacobian matrix format (a binary format) while .csv signifies a comma-delimited file. Note that adjustable parameters not listed in localization matrix columns are implicitly treated as fixed while non-zero weighted observations not listed in rows of this matrix are implicitly treated as zero-weighted.,,,,,,,,
201,201,PlusPlus,ies_group_draws,Boolean,,A flag to draw from the (multivariate) Gaussian prior by parameter/observation groups. This is usually a good idea since groups of parameters/observations are likely to have prior correlation.,,,,,,,,
202,202,PlusPlus,ies_save_binary,Boolean,,A flag to save parameter and observation ensembles in binary (i.e. JCB) format instead of CSV format.,,,,,,,,
203,203,PlusPlus,ies_csv_by_reals,Boolean,,A flag to save parameter and observation ensemble CSV files by realization instead of by variable name. If true each row of the CSV file is a realization. If false each column of the CSV file is a realization.,,,,,,,,
204,204,PlusPlus,ies_autoadaloc,Boolean,,Flag to activate automatic adaptive localization.,,,,,,,,
205,205,PlusPlus,ies_autoadaloc_sigma_dist,Real,,Real number representing the factor by which a correlation coefficient must exceed the standard deviation of background correlation coefficients to be considered significant. Default is 1.0.,,,,,,,,
206,206,PlusPlus,tie_by_group,Boolean,,Flag to tie all adjustable parameters together within each parameter group. Initial parameter ratios are maintained as parameters are adjusted. Parameters that are designated as already tied or that have parameters tied to them are not affected.,,,,,,,,
207,207,PlusPlus,ies_enforce_chglim,Boolean,,Flag to enforce parameter change limits (via FACPARMAX and RELPARMAX) in a way similar to PEST and PESTPP-GLM (by scaling the entire realization). Default is false.,,,,,,,,
208,208,PlusPlus,ies_center_on,String,,"A realization name that should be used for the ensemble center in calculating the approximate Jacobian matrix. The realization name must be in both the parameter and observation ensembles. If not passed the mean vector is used as the center. The value ""_MEDIAN_"" can also be used which instructs PESTPP-IES to use the median vector for calculating anomalies.",,,,,,,,
209,209,PlusPlus,enforce_tied_bounds,Boolean,,Flag to enforce parameter bounds on any tied parameters. Depending on the ratio between the tied and free parameters this option can greatly limit parameter changes.,,,,,,,,
210,210,PlusPlus,ies_no_noise,Boolean,,Flag to not generate and use realizations of measurement noise. Default is False (that is to use measurement noise).,,,,,,,,
211,211,PlusPlus,ies_drop_conflicts,Boolean,,Flag to remove non-zero weighted observations that are in a prior-data conflict state from the upgrade calculations. Default is False.,,,,,,,,
212,212,PlusPlus,ies_pdc_sigma_distance,Real > 0.0,,The number of standard deviations from the mean used in checking for prior-data conflict.,,,,,,,,
213,213,PlusPlus,ies_save_rescov,Boolean,,Flag to save the iteration-level residual covariance matrix. If ies_save_binary is True then a binary format file is written; otherwise an ASCII format (.cov) file is written. The file name is case.N.res.cov/.jcb. Note that this functionality does not scale beyond about 20000 non-zero-weighted observations.,,,,,,,,
214,214,PlusPlus,obscov(),text,,The name of a file containing the observation noise covariance matrix. This can be a parameter uncertainty file (extension .unc) a covariance matrix file (extension .cov) or a binary JCO or JCB file (extension .jco or .jcb). Please see the section on this matrix above to understand the implications of using this matrix.,,,,,,,,
215,215,PlusPlus,rand_seed,unsigned integer,,Seed for the random number generator.,,,,,,,,
216,216,PlusPlus,ies_use_mda,Boolean,,Flag to use the (optionally iterative) Kalman update equation. The number of data assimilation iterations is controlled by NOPTMAX; NOPTMAX = 1 and ies_use_mda(true) results in the standard ensemble smoother Kalman update. If False the GLM iterative ensemble smoother equation is used. Default is False.,,,,,,,,
217,217,PlusPlus,ies_mda_init_fac,double,,The initial MDA covariance inflation factor. Only used if ies_use_mda is true. Default is 10.0.,,,,,,,,
218,218,PlusPlus,ies_mda_decl_fac,double,,The final MDA covariance inflation factor. Only used if ies_use_mda is true. Default is 0.5.,,,,,,,,
219,219,PlusPlus,ies_upgrades_in_memory,Boolean,,Flag to hold parameter upgrade ensembles in memory during testing. If False parameter ensembles are saved to disk during testing and the best-phi ensemble is loaded from disk after testing. This can reduce memory pressure for very high dimensional problems. Default is True but is only activated if the number of parameters > 100K.,,,,,,,,
220,220,PlusPlus,ies_ordered_binary,Boolean,,Flag to write control-file-ordered binary ensemble files. Only used if save_binary is true. If False hash-ordered binary files are written. For very high dimensional problems writing unordered binary can save lots of time. If not passed and number of parameters > 100K then ies_ordered_binary is set to False.,,,,,,,,
221,221,PlusPlus,ensemble_output_precision,int,,Number of significant digits to use in ASCII format ensemble files. Default is 6.,,,,,,,,
222,222,PlusPlus,ies_multimodal_alpha,double,,The fraction of the total ensemble size to use as the local neighborhood realizations in the multimodal solution process. Must be greater than zero and less than 1. Values of 0.1 to 0.25 seem to work well. Default is 1.0 (disable multimodal solution process).,,,,,,,,
223,223,PlusPlus,ies_weight_ensemble,text,,The name of a CSV or JCO/JCB file (recognized by its extension) containing user-supplied weight vectors for each realization. If this keyword is omitted PESTPP-IES uses the weight vector in the control file for all realizations. Only used with ies_multimodal_alpha.,,,,,,,,
224,224,PlusPlus,ies_phi_factor_file,text,,A two-column ASCII file that contains observation group tags and phi factors. Used to internally adjust weights to implement a balanced objective function using the mean residuals from the initial ensemble.,,,,,,,,
225,225,PlusPlus,ies_phi_factors_by_real,Boolean,,A flag to use internal weight balancing for each realization. This option should be used in conjunction with the multimodal solution process.,,,,,,,,
226,226,PlusPlus,ies_n_iter_reinflation,int,,The number of between-covariance reinflation iterations. Default is 0 which indicates not to reinflate parameter covariance.,,,,,,,,
227,227,PlusPlus,ies_update_by_reals,Boolean,,Flag to indicate whether or not to update each realization according to its phi reduction. Default is False.,,,,,,,,
228,228,PlusPlus,max_n_super,integer,,The maximum number of super parameters to use when conducting SVD-assisted inversion. The default is the number of adjustable parameters in which case the number of super parameters is effectively set by super_eigthresh().,,,,,,,,
229,229,PlusPlus,super_eigthresh,real,,The ratio to the maximum singular value of JtQJ at which truncation takes place to form super parameters. Note however that if the number of super parameters calculated in this way exceeds max_n_super() then the value of the latter variable takes precedence.,,,,,,,,
230,230,PlusPlus,n_iter_base,integer,,Where super parameters are estimated in some iterations and base parameters are estimated in other iterations this variable sets the number of sequential base parameter iterations to undertake before commencing an iteration in which super parameters are adjusted. If n_iter_base() is set to -1 this instructs PESTPP-GLM to emulate PEST behavior: a base parameter Jacobian matrix is calculated then super parameters are estimated as soon as they are defined on the basis of this matrix. Super parameters are estimated in all succeeding iterations.,,,,,,,,
231,231,PlusPlus,n_iter_super,integer,,Where super parameters are estimated in some iterations and base parameters are estimated in other iterations this variable sets the number of sequential super parameter iterations to undertake before commencing an iteration in which a base parameter Jacobian matrix is recalculated and base parameters are adjusted.,,,,,,,,
232,232,PlusPlus,jac_scale,Boolean,,Scale parameters by their sensitivities when calculating parameter upgrades. This can increase numerical precision; however it may incur a numerical cost.,,,,,,,,
233,233,PlusPlus,svd_pack,text,,"This informs PESTPP-GLM of the package that it must employ to undertake singular value decomposition of the JtQJ matrix (appropriately modified to include the Marquardt lambda and regularization). Options are ""eigen"" and ""redsvd.""",,,,,,,,
234,234,PlusPlus,lambdas,set of real numbers,,Values for the Marquardt lambda used in the calculation of parameter upgrades. Note that this base list is augmented with values bracketing the previous iteration's best lambda. However if a single value is specified only that lambda (and no other lambda) is used in all iterations.,,,,,,,,
235,235,PlusPlus,lambda_scale_fac,set of real numbers,,These values are used to scale each parameter upgrade vector calculated using different values of lambda. This results in a line search along each upgrade vector direction. The number of tested parameter upgrades (and hence model runs) is equal to the number of lambdas times the number of scaling factors. Set lambda_scale_fac() to 1.0 to disable an upgrade direction line search.,,,,,,,,
236,236,PlusPlus,base_jacobian,text,,Provide the name of a JCO file. The Jacobian matrix contained in this file will be used for the first iteration of the inversion process.,,,,,,,,
237,237,PlusPlus,hotstart_resfile,text,,Specify the name of a residuals file from a previous PESTPP-GLM run. PESTPP-GLM will assume that these are model outputs corresponding to initial parameter values. It will use these instead of undertaking the initial model run.,,,,,,,,
238,238,PlusPlus,uncertainty,Boolean,,Flag to activate or deactivate FOSM-based parameter and (optionally) forecast uncertainty estimation.,,,,,,,,
239,239,PlusPlus,parcov,text,,Provide the name of a JCO JCB NC or COV file from which the prior parameter covariance matrix used in FOSM analysis is read.,,,,,,,,
240,240,PlusPlus,par_sigma_range,real,,The difference between a parameter's upper and lower bounds expressed as standard deviations.,,,,,,,,
241,241,PlusPlus,forecasts,series of text strings,,"Provide the names of one or more observations featured in the ""observation data"" section of the PEST control file; these are treated as predictions in FOSM predictive uncertainty analysis.",,,,,,,,
242,242,PlusPlus,glm_num_reals,integer,,Number of parameter realizations to draw from the posterior parameter distribution (using final estimated parameter values as the parameter mean vector and the FOSM-based posterior covariance matrix). Following generation of the realizations the model is run once for each realization. The resulting observation ensemble is saved in a CSV file named case.obs.csv; the parameter ensemble is saved in a CSV file named case.par.csv.,,,,,,,,
243,243,PlusPlus,save_binary,Boolean,,A flag to save parameter and observation ensembles in binary format. If this is set to true parameter and observation ensembles are saved in files named case.par.jcb and case.obs.jcb.,,,,,,,,
244,244,PlusPlus,tie_by_group,Boolean,,Flag to tie all adjustable parameters by group designation; however all user-supplied parameter tied-parent relationships are preserved. The effective number of adjustable parameters thus becomes the number of parameter groups (which contain at least one adjustable parameter) plus the number of parameters that are listed as having others tied to it.,,,,,,,,
245,245,PlusPlus,iteration_summary,Boolean,,This flag activates or deactivates the writing of CSV files summarizing parameters (case.ipar) objective functions (case.iobj) sensitivities (case.isen) trial parameter upgrades (case.upg.csv) and parameter-to-run-id mapping (case.rid).,,,,,,,,
246,246,PlusPlus,der_forgive,Boolean,,If set to true then if model run failure occurs when calculating finite-difference derivatives with respect to a certain parameter that parameter is frozen at its current value for the remainder of the iteration. If set to false PESTPP-GLM terminates execution with an appropriate message if this occurs.,,,,,,,,
247,247,PlusPlus,enforce_tied_bounds,Boolean,,Flag to enforce parameter bounds on any tied parameters.,,,,,,,,
248,248,PlusPlus,glm_accept_mc_phi,Boolean,,Flag to accept FOSM-based realization phi each base iteration if the phi is lower than the lambda-testing phi. Default is false.,,,,,,,,
249,249,PlusPlus,rand_seed,unsigned integer,,Seed for the random number generator. Used for FOSM-based Monte Carlo.,,,,,,,,
250,250,PlusPlus,glm_rebase_super,Boolean,,"A flag to run the super-parameter truncated values once at the start of the first super parameter iteration to provide a more accurate ""base"" run for calculating sensitivity numerators. Only applies if n_iter_base = -1 and base_jacobian is supplied. Default is False which indicates use either the hotstart_resfile residuals or the base run previously completed.",,,,,,,,
251,251,PlusPlus,glm_iter_mc,Boolean,,Flag to undertake FOSM-based posterior Monte Carlo during each iteration of PESTPP-GLM. Default is False which will result in Monte Carlo only after iterations are done (depending on the glm_num_reals and uncertainty flags).,,,,,,,,
252,252,PlusPlus,ensemble_output_precision,int,,Number of significant digits to use in ASCII format ensemble files. Default is 6.,,,,,,,,
253,253,PlusPlus,glm_norm_form,String,,"The form of the normal matrix to use. Can be ""ident"" (identity matrix lambda scaling) ""diag"" (use the diagonal of XtQX for lambda scaling) or ""prior"" (scale with the inverse of the prior parameter covariance matrix). Default is ""diag.""",,,,,,,,
254,254,PlusPlus,MAX_RUN_FAIL,Integer,greater than 0; default is 3,Maximum times the run manager will try to rerun a failed run,,,,,
255,255,PlusPlus,LAMBDAS,Comma-separated list of reals,greater than 0; default is (0.01 1 10 100 1000),Specify the standard values of lambda to be used each iteration,,,,,
256,256,PlusPlus,ITERATION_SUMMARY,Boolean,“TRUE” or “FALSE”; default is “TRUE”,Setting this to “TRUE” will save a summary of each iteration to a series of comma-separated files for easy plotting,,,,,
257,257,PlusPlus,DER_FORGIVE,Boolean,“TRUE” or “FALSE”; default is “TRUE”,Setting this to “FALSE” will turn off derivative forgive and cause PEST++ to terminate if a run fails while computing the Jacobian,,,,,
258,258,PlusPlus,UNCERTAINTY,Boolean,“TRUE” or “FALSE”; default is “TRUE”,A flag to disable uncertainty analyses,,,,,
259,259,PlusPlus,FORECASTS,Comma-separated list of text,Observation names in the control file; default is none,The names of observations to treat as forecasts in the uncertainty analyses,,,,,
260,260,PlusPlus,PARAMETER_COVARIANCE,Text,Filename; default is none,The name of a PEST-compatible ASCII matrix or uncertainty file to use as the prior parameter covariance matrix,,,,,
261,261,PlusPlus,OVERDUE_RESCHED_FAC,Real,greater than 1.0; default is 1.15,YAMR specific command. If model run takes longer than (OVERDUE_RESCHED_FAC * the average runtime) it will be rescheduled on another node if one is available,,,,,
262,262,PlusPlus,OVERDUE_GIVEUP_FAC,Real,greater than 1.0; default is 100.0,YAMR specific command. If a model run has been running longer than (OVERDUE_GIVEUP_FAC * the average runtime) it will be canceled,,,,,
263,263,PlusPlus,N_ITER_BASE,Integer,1 or greater,Number of base parameter iterations performed for each superparameter iteration,,,,,
264,264,PlusPlus,N_ITER_SUPER,Integer,0 or greater,Number of superparameter iterations performed for each base parameter iteration,,,,,
265,265,PlusPlus,SUPER_EIGTHRES,Real,any positive number (typically should be greater than 1.0E−7),PEST++ will not include any superparameters whose ratio with the largest superparameter is less than this ratio,,,,,
266,266,PlusPlus,MAX_N_SUPER,Integer,integer between 1 and the minimum either of maximum number of parameters or the maximum number of observations,Maximum number of superparameters to use in the superparameter iterations,,,,,
267,267,PlusPlus,MAX_REG_ITER,Integer,integer greater than 1; default is 20,Provides a limit on the maximum number of iterations used to compute dynamic regularization weights when PEST++ is run in regularization mode,,,,,
268,268,PlusPlus,MAX_SUPER_FRZ_ITER,Integer,1 or greater; default value is 5,Maximum number of times a superparameter iteration will try to freeze any parameters that go out of bounds and try to recompute a Jacobian,,,,,
269,269,PlusPlus,AUTO_NORM,Integer,1 or greater; default is no scaling,Automatically normalizes the sensitivities by assuming there are X standard deviations between the upper and lower parameter bounds,,,,,
270,270,PlusPlus,SVD_PACK,String,“JACOBI” or “PROPACK”; default is “JACOBI”,Flag to use PROPACK to compute SVD factorizations. “JACOBI” is the SVD provided by the EIGEN library; “PROPACK” is the iterative SVD factorization suitable for large problems,,,,,
271,271,PlusPlus,MAT_INV,String,“Q1/2J” or “JTQJ”; default is “JTQJ”,Flag to specify the formulation of the normal equation. This option is forced to “Q1/2J” when PROPACK is used,,,,,
272,272,PlusPlus,SUPER_RELPARMAX,Real,greater than 0; default is 0.1,Parameter relative change limit for superparameters,,,,,
